,index,Fluor_654,Fluor_685,Fluor_755,Fluor_771,mean,mode,mean/mode,stdev,stdevdiff,edgejump,hardedge,obsid,pno,name,ra,dec,lii,bii,time,end_time,duration,scheduled_duration,estimated_exposure,pi_title,pi_fname,pi_lname,sas_version,pps_flag,pps_version,odf_date,process_date,distribution_date,public_date,xmm_revolution,process_status,mos1_num,mos1_time,mos1_mode,mos2_num,mos2_time,mos2_mode,pn_num,pn_time,pn_mode,rgs1_num,rgs1_time,rgs1_mode,rgs2_num,rgs2_time,rgs2_mode,om_num,om_time,om_mode,data_in_heasarc,subject_category,status,class,lii_180
0,887,False,False,False,False,0.00468152349272354,0.003483488457277417,1.3439181872250177,0.00047115117017574134,0.0005691934881143303,0.0005312505058131167,0.0003169599964789266,120300201,12030.0,LMC-X3,84.73333499999998,-64.08389,273.57608573,-32.08260356,51611.63469907407,51611.726736111115,7952.0,1599.0,,Mr,Fred,Jansen XMM-Newton PS,17.56,Y,17.56_20190403_1200,55567.93818287037,58580.28871527778,53905.0,52327.0,45.0,delivered,1.0,3200.0,FF-ME (1),1.0,3200.0,FF-ME (1),1.0,3008.0,EFF-ME (1),1.0,6810.0,SPE (1),1.0,6810.0,SPE (1),0.0,,,Y,"Stars, White Dwarfs and Solar System",archived,1130.0,-86.42391427000001
1,888,False,False,False,False,0.004746325163088821,0.003774820128455758,1.2573645899865689,0.0004806543424753478,0.0006477353766005011,0.0009054355068265517,0.00047944996181621766,120300301,12030.0,LMC-X3,84.73333499999998,-64.08389,273.57608573,-32.08260356,51611.727534722224,51611.84784722222,10395.0,4899.0,,Mr,Fred,Jansen XMM-Newton PS,17.56,Y,17.56_20190403_1200,55566.897349537045,58579.360034722224,54383.0,52327.0,45.0,delivered,1.0,6706.0,SW3-ME (1),1.0,6700.0,SW3-ME (1),0.0,,,3.0,9345.0,HER (1); SES (1); SER (1),2.0,3475.0,SER (1); HER (1),0.0,,,Y,"Stars, White Dwarfs and Solar System",archived,1130.0,-86.42391427000001
2,967,False,False,False,False,0.0008567048144858756,-0.00034742685966193676,-2.4658565987658267,0.00041837493911715774,0.0003366053372090525,0.0007521263971277201,0.00029145334423291203,110012501,11001.0,RCW 86 (SW-S),220.2375,-62.71861,315.11151764,-2.4655879,52702.407106481485,52702.54969907407,12320.0,8698.0,8698.0,Prof,Johan,Bleeker,17.56,Y,17.56_20190403_1200,55502.78476851852,58577.97425925926,52722.0,53088.0,592.0,delivered,1.0,12081.0,FF-ME (1),1.0,12080.0,FF-ME (1),1.0,8686.0,EFF-ME (1),1.0,12320.0,SES (1),1.0,12320.0,SES (1),4.0,8320.0,IM-W2 (4),Y,"Supernovae, Supernova Remnants, Diffuse (Galactic) Emission and Isolated Neutron Stars",archived,3200.0,-44.88848236000001
3,992,False,False,False,False,0.006192379579930515,0.004626930225640535,1.3383343335533582,0.0006632534378567057,0.00028139002798791235,0.0007239380629281388,0.0007380857461949681,61140201,6114.0,X1543-62,236.97795,-62.56805,321.75706743,-6.33625969,51944.554143518515,51945.13395833333,50096.0,47803.0,47803.0,Dr,Lorella,Angelini,17.56,Y,17.56_20190403_1200,55547.36282407407,58578.85921296296,52116.0,52481.0,212.0,delivered,1.0,48398.0,FU-ME (1),1.0,48999.0,SW2-ME (1),1.0,47816.0,TI-ME (1),1.0,50096.0,SES (1),1.0,50095.0,SES (1),0.0,,,Y,"White Dwarf Binaries, Neutron Star Binaries, Cataclysmic Variables, ULXs and Black Holes",archived,1400.0,-38.242932569999994
4,1707,False,False,False,False,0.008663060220347329,0.00535806268453598,1.6168269634750585,0.0018627275145629517,0.0005946528031327495,0.0015038004034202412,0.001470587589174857,105470401,10547.0,X1636-536,250.2309,-53.75139,332.91474881,-4.81781937,52145.36280092593,52145.6128125,21601.0,20003.0,20003.0,Dr,Bernd,Aschenbach,17.56,Y,17.56_20190403_1200,55537.70748842593,58578.54760416668,52180.0,52545.0,313.0,delivered,1.0,20612.0,FU-ME (1),1.0,20668.0,FU-ME (1),1.0,20029.0,SW-ME (1),1.0,21601.0,SES (1),1.0,21396.0,SES (1),0.0,,,Y,"White Dwarf Binaries, Neutron Star Binaries, Cataclysmic Variables, ULXs and Black Holes",archived,1420.0,-27.085251190000008
5,1708,False,False,False,False,0.0044759891794196194,0.0029224788304418325,1.5315728322120714,0.0008395133803384685,0.0002791018301570186,0.0008315049015315441,0.0006333443769600449,303250201,30325.0,4U 1636-536,250.2312,-53.75139,332.91486611,-4.8179528,53611.75288194444,53612.11556712962,31336.0,30036.0,30036.0,Prof,Philip,Kaaret,17.56,Y,17.56_20190403_1200,55460.99989583333,58581.36444444444,53651.0,54016.0,1048.0,delivered,0.0,,,0.0,,,1.0,30044.0,TI-ME (1),1.0,31336.0,SES (1),1.0,31330.0,SES (1),0.0,,,Y,"White Dwarf Binaries, Neutron Star Binaries, Cataclysmic Variables, ULXs and Black Holes",archived,1440.0,-27.08513389000001
6,1709,False,False,False,False,0.006963717418589762,0.004712278954684734,1.4777812361186193,0.001440814286008727,0.0003460630413380337,0.0017681485081754537,0.0010640625244594613,500350301,50035.0,4U 1636-536,250.2312,-53.75139,332.91486611,-4.8179528,54371.642175925925,54372.01179398148,31935.0,30636.0,30636.0,Prof,Philip,Kaaret,17.56,Y,17.56_20190403_1200,55426.69582175927,58581.32464120369,54412.0,54979.0,1429.0,delivered,0.0,,,0.0,,,1.0,30644.0,TI-ME (1),1.0,31935.0,SES (1),1.0,31902.0,SES (1),0.0,,,Y,,archived,9999.0,-27.08513389000001
7,1710,False,False,False,False,0.007889003738515324,0.0052858092822134495,1.4924873973530461,0.0016776498361331803,0.000385718681234519,0.0014944672181191714,0.0015831573133433773,500350401,50035.0,4U 1636-536,250.2312,-53.75139,332.91486611,-4.8179528,54523.16346064815,54523.625752314816,39942.0,38636.0,38636.0,Prof,Philip,Kaaret,17.56,Y,17.56_20190403_1200,55401.89140046296,58581.10099537037,54614.0,54979.0,1505.0,delivered,0.0,,,0.0,,,1.0,38644.0,TI-ME (1),1.0,39937.0,SES (1),1.0,39910.0,SES (1),0.0,,,Y,,archived,9999.0,-27.08513389000001
8,1711,False,False,False,False,0.0077672667320367395,0.005147783551365137,1.5088565116489685,0.0016663154069748074,0.00045569995207244866,0.00152662507104203,0.0011447464702166637,606070101,60607.0,4U 1636-53,250.2312,-53.75139,332.91486611,-4.8179528,54904.61840277777,54905.09501157407,41179.0,39936.0,23766.0,Dr,DIEGO,ALTAMIRANO,17.56,Y,17.56_20190403_1200,55382.46320601852,58579.815115740734,54918.0,55495.0,1696.0,delivered,0.0,,,0.0,,,1.0,23771.0,TI-TK (1),1.0,24745.0,SES (1),1.0,24763.0,SES (1),15.0,32496.0,IF-W1 (5); IF-U (5); IF-M2 (5),Y,"White Dwarf Binaries, Neutron Star Binaries, Cataclysmic Variables, ULXs and Black Holes",archived,9999.0,-27.08513389000001
9,1712,False,False,False,False,0.006294259550766303,0.0037833675742149353,1.663665881598192,0.0014287593012877271,0.00035910783086518785,0.0015653874070271703,0.0010345951298450177,606070201,60607.0,4U 1636-53,250.2312,-53.75139,332.91486611,-4.8179528,54915.94393518518,54916.27886574073,28938.0,27636.0,27636.0,Dr,DIEGO,ALTAMIRANO,17.56,Y,17.56_20190403_1200,55379.65969907407,58579.869803240734,54992.0,55495.0,1702.0,delivered,0.0,,,0.0,,,1.0,27643.0,TI-TK (1),1.0,28934.0,SES (1),1.0,28906.0,SES (1),12.0,15993.0,IF-W1 (4); IF-U (5); IM-W1 (1); IF-M2 (2),Y,"White Dwarf Binaries, Neutron Star Binaries, Cataclysmic Variables, ULXs and Black Holes",archived,9999.0,-27.08513389000001
10,1713,False,False,False,False,0.005551534546232158,0.0036156238056719303,1.5354292494488255,0.0011224146757587922,0.0003442637079636587,0.0012984131194073122,0.0011329452500578917,606070401,60607.0,4U 1636-53,250.2312,-53.75139,332.91486611,-4.8179528,55085.352743055555,55085.66800925926,27239.0,25936.0,25936.0,Dr,DIEGO,ALTAMIRANO,17.56,Y,17.56_20190403_1200,55367.55104166666,58580.71913194445,55110.0,55495.0,1787.0,delivered,0.0,,,0.0,,,1.0,25943.0,TI-TK (1),1.0,27239.0,SES (1),1.0,27206.0,SES (1),11.0,14118.0,IF-W1 (3); IF-U (5); IM-W1 (1); IF-M2 (2),Y,"White Dwarf Binaries, Neutron Star Binaries, Cataclysmic Variables, ULXs and Black Holes",archived,9999.0,-27.08513389000001
11,1714,False,False,False,False,0.007153544462398513,0.004610749892890453,1.5514926267045892,0.0015526230377540602,0.0003901527283286077,0.0013229152503675054,0.0010774095015175554,606070301,60607.0,4U 1636-53,250.2312,-53.75138,332.91487366,-4.81794621,55079.055393518516,55079.555393518516,43200.0,40836.0,40836.0,Dr,DIEGO,ALTAMIRANO,17.56,Y,17.56_20190403_1200,56568.42020833334,58579.69568287037,55102.0,55495.0,1784.0,delivered,0.0,,,0.0,,,1.0,40843.0,TI-TK (1),1.0,42139.0,SES (1),1.0,42107.0,SES (1),20.0,33491.0,IF-W1 (5); IF-U (5); IF-M2 (10),Y,"White Dwarf Binaries, Neutron Star Binaries, Cataclysmic Variables, ULXs and Black Holes",archived,9999.0,-27.085126339999988
12,1715,False,False,False,False,0.007838452572596598,0.005232886411249638,1.4979214063858761,0.0016658635934324389,0.00033366342140449056,0.001511374185759709,0.0008697948166549591,764180201,76418.0,4U 1636-53,250.2312,-53.75138,332.91487366,-4.81794621,57259.301851851844,57259.774074074085,40800.0,37533.0,37533.0,Dr,Andrea,Sanna,17.56,Y,17.56_20190403_1200,57266.49177083333,58580.796805555554,57279.0,57666.0,2877.0,delivered,0.0,,,0.0,,,1.0,37540.0,TI-TK (1),1.0,39713.0,SES (1),1.0,39708.0,SES (1),6.0,24840.0,IF-M2 (6),Y,,archived,9999.0,-27.085126339999988
13,1716,False,False,False,False,0.0044806849615709795,0.0029976421501487494,1.4947364418893825,0.0009234631978497933,0.0002923030967133611,0.0006642500290913317,0.0005093500252812333,764180301,76418.0,4U 1636-53,250.2312,-53.75138,332.91487366,-4.81794621,57270.72582175927,57271.15289351853,36899.0,33632.0,31508.0,Dr,Andrea,Sanna,17.56,Y,17.56_20190403_1200,57278.62674768519,58580.74704861111,57301.0,57666.0,2883.0,delivered,0.0,,,0.0,,,1.0,31508.0,TI-TK (1),1.0,35816.0,SES (1),1.0,35807.0,SES (1),8.0,31259.0,IF-W1 (8),Y,,archived,9999.0,-27.085126339999988
14,2076,False,False,False,False,0.03151622007263231,0.015956727787852287,1.9751054534266932,0.009944397103145347,0.001096990819619265,0.00990190516825451,0.006821753258900862,136140301,13614.0,XTE J1650-500,252.50415,-49.9625,336.71799516,-3.42734945,52165.616550925915,52165.905289351846,24947.0,23201.0,23201.0,Dr,Fred,Jansen XMM-Newton PS,17.56,Y,17.56_20190403_1200,55532.080185185194,58669.689363425925,52194.0,52194.0,323.0,delivered,1.0,18264.0,FU-TK (1),0.0,,,1.0,23199.0,BU-TN (1),1.0,24802.0,SES (1),1.0,24809.0,SES (1),0.0,,,Y,"White Dwarf Binaries, Neutron Star Binaries, Cataclysmic Variables, ULXs and Black Holes",archived,1000.0,-23.282004840000013
15,2145,False,False,False,False,0.04065588558768178,0.022247489541769028,1.8274370018851571,0.011341597845381156,0.00350283506673888,0.012380394239408204,0.005980114490933865,111360201,11136.0,GX 339-4,255.69165,-48.79361,338.93039845,-4.32142525,52536.33315972221,52536.45924768518,10894.0,8998.0,7676.0,Dr,Bernd,Aschenbach,17.56,Y,17.56_20190403_1200,55513.20371527777,58576.518530092595,52584.0,52949.0,509.0,delivered,1.0,10409.0,FU-TN (1),1.0,10424.0,FU-TN (1),1.0,6424.0,FMK-TN (1),1.0,10886.0,SES (1),1.0,10894.0,SES (1),1.0,1800.0,IM-W2 (1),Y,"Supernovae, Supernova Remnants, Diffuse (Galactic) Emission and Isolated Neutron Stars",archived,3900.0,-21.069601550000016
16,2151,False,False,False,False,0.012890782401702562,0.007240030448883772,1.780487318763969,0.003380821213337179,0.0005882092217844823,0.0036158443936772228,0.003225111579516637,148220201,14822.0,GX 339-4,255.7062,-48.78972,338.93933882,-4.32667298,52706.743171296286,52706.980439814804,20500.0,19226.0,19226.0,Dr,Michael,Nowak,17.56,Y,17.56_20190403_1200,55503.051053240735,58577.61119212963,53046.0,53412.0,594.0,delivered,1.0,20012.0,FU-ME (1),1.0,3577.0,FU-ME (1),1.0,19251.0,TI-ME (1),1.0,20464.0,SES (1),1.0,20463.0,SES (1),2.0,10000.0,IM-V (1); IM-W1 (1),Y,"White Dwarf Binaries, Neutron Star Binaries, Cataclysmic Variables, ULXs and Black Holes",archived,1430.0,-21.06066118000001
17,2152,False,False,False,False,0.058101028797554445,0.031052561476826668,1.8710543038748353,0.01663641237430138,0.002972943398435085,0.021839497426080934,0.012587984637328097,156760101,15676.0,GX 339-3,255.7062,-48.78972,338.93933882,-4.32667298,52546.37275462962,52547.25630787037,76339.0,75183.0,75183.0,Prof,Walter,Lewin,17.56,Y,17.56_20190403_1200,55510.87659722224,58576.515289351846,54508.0,53735.0,514.0,delivered,1.0,76001.0,SW RFS-TN (1),1.0,74048.0,FU-TN (1),1.0,75601.0,BU-TN (1),32.0,74145.0,SES (32),32.0,74136.0,SES (32),0.0,,,Y,,archived,1430.0,-21.06066118000001
18,2153,False,False,False,False,0.003004462201056163,0.0018316234927624464,1.6403273996692662,0.0008149487286310297,0.0001443324914137606,0.0009634968810060176,0.0007969536605356782,204730201,20473.0,GX 339-4,255.7062,-48.78972,338.93933882,-4.32667298,53080.65306712962,53082.24922453704,137908.0,134377.0,131609.0,Dr,JON,MILLER,17.56,Y,17.56_20190403_1200,55486.86657407408,58576.52662037037,53361.0,53726.0,782.0,delivered,1.0,112726.0,FF-ME (1),1.0,112670.0,FF-ME (1),1.0,131647.0,TI-ME (1),1.0,134241.0,SES (1),1.0,133962.0,SES (1),28.0,111392.0,IF-V (28),Y,"White Dwarf Binaries, Neutron Star Binaries, Cataclysmic Variables, ULXs and Black Holes",archived,1430.0,-21.06066118000001
19,2154,False,False,False,False,0.002837836344542166,0.0016488657565787435,1.721083922823672,0.0007573991967412581,0.0001447006645775407,0.001018020131903677,0.0007152448922376565,204730301,20473.0,GX 339-4,255.7062,-48.78972,338.93933882,-4.32667298,53082.63813657408,53084.240914351845,138480.0,134377.0,128310.0,Dr,JON,MILLER,17.56,Y,17.56_20190403_1200,55484.50797453704,58576.52712962962,53257.0,53726.0,783.0,delivered,1.0,114067.0,FF-ME (1),1.0,114016.0,FF-ME (1),2.0,128385.0,TI-ME (2),1.0,135622.0,SES (1),1.0,135611.0,SES (1),26.0,107487.0,IF-V (26),Y,"White Dwarf Binaries, Neutron Star Binaries, Cataclysmic Variables, ULXs and Black Holes",archived,1430.0,-21.06066118000001
20,2156,False,False,False,False,0.04454782625639832,0.021425358951091766,2.079210264718963,0.013783993608919106,0.0035093661676594383,0.01583240666116259,0.011910285846234252,410581301,41058.0,GX 339-4,255.7062,-48.78972,338.93933882,-4.32667298,54164.48149305556,54164.674803240734,16702.0,15586.0,10091.0,Dr,NORBERT,SCHARTEL (PS),17.56,Y,17.56_20190403_1200,55437.26365740741,58578.086331018516,54188.0,54164.0,1325.0,delivered,0.0,,,0.0,,,1.0,16007.0,BU-TN (1),12.0,15980.0,SES (12),13.0,15878.0,SES (13),7.0,14238.0,IM-U (1); IF-U (6),Y,,archived,9999.0,-21.06066118000001
21,2157,False,False,False,False,0.029329522871054135,0.015511231496930122,1.8908571428940917,0.008875551522595539,0.002418639358158333,0.008735663122942883,0.008575074802970959,410581701,41058.0,GX 339-4,255.7062,-48.78972,338.93933882,-4.32667298,54189.62577546296,54189.83751157407,18294.0,17786.0,8653.0,Dr,NORBERT,SCHARTEL (PS),17.56,Y,17.56_20190403_1200,55433.78460648149,58579.774502314816,54369.0,54199.0,1338.0,delivered,0.0,,,0.0,,,1.0,8658.0,BU-TN (1),7.0,10849.0,SES (7),7.0,9738.0,SES (7),7.0,14639.0,IF-U (7),Y,,archived,9999.0,-21.06066118000001
22,2159,False,False,False,False,0.010192703041196852,0.0059270113706588745,1.7197036421517415,0.0028182229799205137,0.00048675584123137347,0.003684673022119625,0.0022060187549636998,654130401,65413.0,GX 339-4,255.7062,-48.78972,338.93933882,-4.32667298,55283.04339120369,55283.44776620369,34938.0,33636.0,33636.0,Dr,Phil,Uttley,17.56,Y,17.56_20190403_1200,55357.75391203704,58579.19354166666,55306.0,55671.0,1886.0,delivered,0.0,,,0.0,,,1.0,33656.0,TI-TK (1),1.0,34932.0,SES (1),1.0,34906.0,SES (1),8.0,24797.0,IF-V (3); IF-U (5),Y,,archived,9999.0,-21.06066118000001
23,2163,False,False,False,False,0.003793495185263864,0.002285533118993044,1.6597856988986428,0.0008825132382974112,0.00036127006152446257,0.0008107366620620712,0.0011319799182874799,760646201,76064.0,GX 339-4,255.7056,-48.78966,338.9391457,-4.32632259,57262.73682870369,57262.968310185184,20000.0,14933.0,14933.0,Dr,pierre-olivier,petrucci,17.56,Y,17.56_20190403_1200,57270.715625,58580.6069212963,57281.0,57681.0,2879.0,delivered,1.0,18474.0,FU-TN (1),1.0,18363.0,FU-TN (1),1.0,14941.0,TI-TN (1),1.0,18919.0,SES (1),1.0,18914.0,SES (1),5.0,15199.0,IF-W1 (5),Y,"White Dwarf Binaries, Neutron Star Binaries, Cataclysmic Variables, ULXs and Black Holes",archived,9999.0,-21.060854300000017
24,2164,False,False,False,False,0.0019713967954125867,0.0010709782363846898,1.840744030492578,0.0005270748600658952,0.0002557530206565149,0.0007910892034912933,0.000464350156325032,760646301,76064.0,GX 339-4,255.7056,-48.78966,338.9391457,-4.32632259,57267.61681712963,57267.83903935184,19200.0,15933.0,15933.0,Dr,pierre-olivier,petrucci,17.56,Y,17.56_20190403_1200,57274.403877314806,58580.67118055555,57287.0,57681.0,2881.0,delivered,1.0,17684.0,FU-TN (1),1.0,17562.0,FU-TN (1),1.0,15943.0,TI-TN (1),1.0,18118.0,SES (1),1.0,18112.0,SES (1),5.0,16197.0,IF-W1 (5),Y,"White Dwarf Binaries, Neutron Star Binaries, Cataclysmic Variables, ULXs and Black Holes",archived,9999.0,-21.060854300000017
25,2165,False,False,False,False,0.0014867432547252175,0.0007859549368731678,1.8916393103147315,0.00039573227169088337,0.00017809262740243028,0.0005329470999401262,0.0002841674425751585,760646401,76064.0,GX 339-4,255.7056,-48.78966,338.9391457,-4.32632259,57272.70725694444,57272.9815625,23700.0,20433.0,20433.0,Dr,pierre-olivier,petrucci,17.56,Y,17.56_20190403_1200,57279.70734953704,58580.564629629625,57293.0,57681.0,2884.0,delivered,1.0,22166.0,FU-TN (1),1.0,22064.0,FU-TN (1),1.0,20442.0,TI-TN (1),1.0,22613.0,SES (1),1.0,22609.0,SES (1),5.0,18895.0,IF-W1 (5),Y,"White Dwarf Binaries, Neutron Star Binaries, Cataclysmic Variables, ULXs and Black Holes",archived,9999.0,-21.060854300000017
26,2169,False,False,False,False,0.014463744668678924,0.008042330853641033,1.7984518334172612,0.0038507773938277656,0.0009383533262359736,0.004972661574978915,0.004004579262662938,148220301,14822.0,GX 339-4,255.7059,-48.78955,338.93935376,-4.3264127,52718.06709490741,52718.25541666666,16271.0,14985.0,12534.0,Dr,Michael,Nowak,17.56,Y,17.56_20190403_1200,55501.410150462965,58578.51922453704,53045.0,53411.0,600.0,delivered,1.0,15770.0,FU-ME (1),1.0,15769.0,FU-ME (1),1.0,15022.0,TI-ME (1),1.0,16223.0,SES (1),1.0,16223.0,SES (1),2.0,6814.0,IM-V (1); IM-W1 (1),Y,"White Dwarf Binaries, Neutron Star Binaries, Cataclysmic Variables, ULXs and Black Holes",archived,1430.0,-21.060646239999983
27,2476,False,False,False,False,0.00986527539994363,0.006952730473130941,1.4189066350361654,0.001824823563996242,0.0003023281147212947,0.0018323756434913546,0.0011916982300663997,693490201,69349.0,4U1735-444,264.73695,-44.45,346.05205832,-6.990240299999999,56383.269421296296,56384.253217592595,85000.0,81733.0,81733.0,Mr,Ciro,Pinto,17.56,Y,17.56_20190403_1200,56388.96798611112,58578.78353009259,56397.0,56899.0,2438.0,delivered,0.0,,,0.0,,,1.0,81745.0,TI-TN (1),1.0,83918.0,SES (1),1.0,83909.0,SES (1),15.0,74999.0,IM-W2 (10); IM-W1 (5),Y,,archived,9999.0,-13.947941679999985
28,2477,False,False,False,False,0.013910465310890597,0.008961357176303864,1.5522721656127545,0.002422560614190092,0.0006631187422580814,0.0025319717559249,0.0017924186925340549,90340201,9034.0,U1735-44,264.7428,-44.44994,346.0543112700001,-6.99376773,52155.126712962956,52155.37868055556,21770.0,19535.0,19535.0,Dr,Saeqa,Vrtilek,17.56,Y,17.56_20190403_1200,55536.229803240734,58578.14587962962,52303.0,52668.0,318.0,delivered,1.0,21266.0,SW2-TK (1),1.0,21264.0,SW2-TK (1),1.0,19568.0,TI-TN (1),1.0,21767.0,SES (1),1.0,21770.0,SES (1),15.0,15096.0,IM-B (5); IM-U (5); IM-W2 (5),Y,"White Dwarf Binaries, Neutron Star Binaries, Cataclysmic Variables, ULXs and Black Holes",archived,1400.0,-13.945688729999915
29,2858,False,False,False,False,0.017176054423204162,0.007649230305105448,2.245461796560116,0.006871826776461136,0.001034045715257688,0.006679350053273955,0.004127780269513905,112921401,11292.0,GRO J1655-40,253.5,-39.84583,344.98159564,2.45629181,53443.67875,53443.859502314815,15617.0,14904.0,14904.0,Dr,Michael,Watson,17.56,Y,17.56_20190403_1200,55470.23672453704,58581.38489583333,53479.0,53847.0,964.0,delivered,0.0,,,0.0,,,1.0,14902.0,BU-TN (1),1.0,15613.0,SES (1),1.0,15609.0,SES (1),5.0,13702.0,IM-W2 (5),Y,"White Dwarf Binaries, Neutron Star Binaries, Cataclysmic Variables, ULXs and Black Holes",archived,1000.0,-15.018404359999977
30,2859,False,False,False,False,0.017248434408639487,0.007537296507507563,2.288411287980922,0.006922149809666111,0.0010454330718445677,0.007294596177441173,0.003999954779252779,112921501,11292.0,GRO J1655-40,253.5,-39.84583,344.98159564,2.45629181,53444.67876157408,53444.85952546296,15618.0,14956.0,14956.0,Dr,Michael,Watson,17.56,Y,17.56_20190403_1200,55470.396527777775,58581.31579861111,53479.0,53847.0,964.0,delivered,0.0,,,0.0,,,1.0,14903.0,BU-TN (1),1.0,15617.0,SES (1),1.0,15610.0,SES (1),5.0,11894.0,IM-W2 (5),Y,"White Dwarf Binaries, Neutron Star Binaries, Cataclysmic Variables, ULXs and Black Holes",archived,1000.0,-15.018404359999977
31,2860,False,False,False,False,0.01855147214463124,0.008380739949643612,2.213584033879984,0.007369757160369729,0.0009114518183877447,0.00780936021113135,0.004424773811560499,112921601,11292.0,GRO J1655-40,253.5,-39.84583,344.98159564,2.45629181,53445.6697337963,53445.85042824073,15612.0,14486.0,14486.0,Dr,Michael,Watson,17.56,Y,17.56_20190403_1200,55467.430046296286,58581.39931712963,53482.0,53847.0,965.0,delivered,0.0,,,0.0,,,1.0,14903.0,BU-TN (1),1.0,15612.0,SES (1),1.0,15608.0,SES (1),5.0,13698.0,IM-W2 (5),Y,"White Dwarf Binaries, Neutron Star Binaries, Cataclysmic Variables, ULXs and Black Holes",archived,1000.0,-15.018404359999977
32,2861,False,False,False,False,0.02052763206781922,0.008836399763822556,2.323076435706563,0.007973696368648203,0.0020654705920163307,0.008071637156102679,0.003416666486578429,155762501,15576.0,GRO J1655-40,253.5,-39.84583,344.98159564,2.45629181,53447.657789351855,53447.93453703704,23911.0,22786.0,22786.0,Dr,Arvind,Parmar,17.56,Y,17.56_20190403_1200,55468.639502314814,58579.231932870374,54084.0,54449.0,966.0,delivered,0.0,,,0.0,,,1.0,23203.0,BU-TN (1),16.0,22844.0,SPE (16),1.0,23911.0,SPE (1),5.0,22001.0,IF-W2 (5),Y,"White Dwarf Binaries, Neutron Star Binaries, Cataclysmic Variables, ULXs and Black Holes",archived,1430.0,-15.018404359999977
33,2862,False,False,False,False,0.01764657672822148,0.008521897718310356,2.0707332229892432,0.0067730776390674905,0.00215934055831385,0.005937011419296145,0.005236094468574799,155762601,15576.0,GRO J1655-40,253.5,-39.84583,344.98159564,2.45629181,53456.363877314805,53456.62238425926,22335.0,21605.0,21605.0,Dr,Arvind,Parmar,17.56,Y,17.56_20190403_1200,55467.763819444444,58579.33076388889,53482.0,54449.0,970.0,delivered,0.0,,,0.0,,,1.0,21602.0,BU-TN (1),16.0,21664.0,SPE (16),1.0,22335.0,SPE (1),5.0,20400.0,IF-W2 (5),Y,"White Dwarf Binaries, Neutron Star Binaries, Cataclysmic Variables, ULXs and Black Holes",archived,1430.0,-15.018404359999977
34,3073,False,False,False,False,0.01500045446740402,0.013002046383917332,1.153699504253314,0.0008098100500858397,0.0004000942022769081,0.0015410767157089719,0.001054169634800468,724490201,72449.0,SAX J1808.4-3658,272.1147,-36.97897,355.38498236,-8.148218529999998,57123.12626157407,57124.38783564815,109000.0,105733.0,81193.0,Dr,Tiziana,Di Salvo,17.56,Y,17.56_20190403_1200,57146.560706018514,58577.43475694444,57149.0,57513.0,2809.0,delivered,0.0,,,0.0,,,1.0,105739.0,TI-TK (1),1.0,107913.0,SES (1),1.0,107910.0,SES (1),18.0,63299.0,IF-W1 (18),Y,,archived,9999.0,-4.615017640000019
35,3074,False,False,False,False,0.024389847396658018,0.019673310220241547,1.2397429371882573,0.0016226062506739026,0.0006535039028240273,0.0018206102200204605,0.0015725214638635937,560180601,56018.0,SAX J1808.4-3658,272.115,-36.97872,355.38531894,-8.14831302,54739.98138888889,54740.721192129626,63919.0,62636.0,62636.0,Dr,NORBERT,SCHARTEL (PS),17.56,Y,17.56_20190403_1200,56460.56844907408,58576.52069444444,56463.0,54980.0,1614.0,delivered,1.0,39505.0,SW2-TN (1),1.0,63441.0,FU-TN (1),1.0,62657.0,TI-TN (1),1.0,63917.0,SES (1),1.0,63911.0,SES (1),25.0,53492.0,IF-W1 (5); IF-V (5); IF-U (5); IF-B (5); IF-M2 (5),Y,,archived,9999.0,-4.614681060000009
36,3115,False,False,False,False,0.0023787190496747557,0.0009087602375075221,2.6175430564600006,0.001138128917275755,0.00024036583799553297,0.0014147266032408373,0.0007343041837551362,506110101,50611.0,GX 349+2,256.43535,-36.42305,349.10360076,2.74845452,54544.66028935184,54544.958402777775,25757.0,26036.0,22560.0,Dr,Rosario,Iaria,17.56,Y,17.56_20190403_1200,55399.696030092586,58581.111504629625,54569.0,54934.0,1516.0,delivered,0.0,,,0.0,,,1.0,22574.0,TI-TK (1),1.0,25757.0,SES (1),1.0,25064.0,SES (1),0.0,,,Y,"White Dwarf Binaries, Neutron Star Binaries, Cataclysmic Variables, ULXs and Black Holes",archived,9999.0,-10.896399239999994
37,3260,False,False,False,False,0.008976681633842187,0.006620186846703291,1.3559559332245101,0.0012522829770399552,0.00036748618005194486,0.0014754103148262691,0.0011347684979565384,741620201,74162.0,1RXS J180408.9-34205,271.03785,-34.34944,357.29690209,-6.12809379,57113.6922337963,57114.351956018516,57000.0,50701.0,50701.0,Dr,Jon,Miller,17.56,Y,17.56_20190403_1200,57120.579039351855,58577.40138888889,57133.0,57499.0,2804.0,delivered,1.0,11413.0,FF-ME (1),1.0,55510.0,FU-ME (1),2.0,51126.0,BU-ME (1); TI-ME (1),1.0,55915.0,SES (1),1.0,55908.0,SES (1),12.0,51795.0,IM-M2 (1); IM-GRISM1 (9); IM-W2 (1); IM-W1 (1),Y,,archived,9999.0,-2.7030979099999968
38,3391,False,False,False,False,0.15101604425645138,0.11806634813547134,1.2790777951662653,0.015703764882885454,0.007407202877322466,0.015441145572182347,0.014609068435906147,311590501,31159.0,XTE J1817-330,274.4313,-33.01875,359.81724958,-7.99544805,53807.336585648154,53807.57658564815,20736.0,19583.0,19583.0,Dr,NORBERT,SCHARTEL (PS),17.56,Y,17.56_20190403_1200,55452.86447916666,58577.04115740741,53878.0,53807.0,1146.0,delivered,0.0,,,0.0,,,1.0,19999.0,BU-TN (1),15.0,18797.0,SES (15),1.0,20730.0,SES (1),10.0,17198.0,IF-W1 (5); IF-U (5),Y,"White Dwarf Binaries, Neutron Star Binaries, Cataclysmic Variables, ULXs and Black Holes",archived,1000.0,-0.18275041999999075
39,3609,False,False,False,False,0.036374719752060185,0.028384612873196602,1.2814943051912675,0.003518785955634563,0.00103793812255452,0.0038547454274641055,0.002647416409859278,84110201,8411.0,4U1820-30,275.91915,-30.361390000000004,2.78813136,-7.91389737,52191.383344907415,52191.84190972223,39620.0,37395.0,,Dr,Christopher,Mauche,17.56,Y,17.56_20190403_1200,55531.1234837963,58578.11969907407,52248.0,52613.0,336.0,delivered,1.0,38812.0,FU-TK (1),1.0,39111.0,FF-TK (1),0.0,,,1.0,39620.0,HER (1),1.0,39618.0,HER (1),8.0,26933.0,IF-W2 (8),Y,"White Dwarf Binaries, Neutron Star Binaries, Cataclysmic Variables, ULXs and Black Holes",archived,1400.0,2.78813136
40,3610,False,False,False,False,0.02821851120545314,0.022312641143798828,1.2646871799529515,0.0029430228709332227,0.0008802506763458473,0.0025956331763705084,0.00168383026690554,551340201,55134.0,4U 1820-30,275.91855,-30.361109999999996,2.78814719,-7.913309,54923.546701388885,54924.029768518514,41737.0,39828.0,39828.0,Dr,Elisa,Costantini,17.56,Y,17.56_20190403_1200,55380.52572916666,58576.514189814814,54942.0,55307.0,1706.0,delivered,0.0,,,1.0,3080.0,FU-TK (1),1.0,39832.0,FF-ME (1),1.0,41737.0,SES (1),1.0,41701.0,SES (1),30.0,29885.0,IM-M2 (5); IM-V (5); IM-B (5); IM-U (5); IM-W2 (5); IM-W1 (5),Y,,archived,9999.0,2.78814719
41,4169,False,False,False,False,0.0021058747293504344,0.00046326525625772774,4.545721270707329,0.0014774709097225512,0.0003188723427023236,0.0019782136403071887,0.0007519478871381259,693020301,69302.0,Swift J174510-26241,266.2941,-26.40408,2.1098526,1.40376132,56198.95138888888,56199.40065972224,38817.0,36783.0,36783.0,Prof,Joern,Wilms,17.56,Y,17.56_20190403_1200,56206.65467592593,58581.257951388885,56217.0,56582.0,2345.0,delivered,0.0,,,0.0,,,1.0,37200.0,BU-TK (1),1.0,38817.0,SES (1),1.0,38806.0,SES (1),25.0,28593.0,IM-M2 (25),Y,,archived,9999.0,2.1098526
42,4378,False,False,False,False,0.002961212116713216,0.002026477362960577,1.4612608908628717,0.0005195152777805691,0.00014901660460035613,0.0005566437756540817,0.0005589010826404024,150390101,15039.0,GS 1826-238,277.36785,-23.79694,9.27256488,-6.08806202,52735.92740740741,52737.175671296296,107850.0,106577.0,105597.0,Prof,Walter,Lewin,17.56,Y,17.56_20190403_1200,55501.446875,58580.8721875,54508.0,53162.0,609.0,delivered,0.0,,,0.0,,,1.0,105615.0,TI-TN (1),1.0,107812.0,SES (1),1.0,107813.0,SES (1),0.0,,,Y,"White Dwarf Binaries, Neutron Star Binaries, Cataclysmic Variables, ULXs and Black Holes",archived,1420.0,9.27256488
43,4379,False,False,False,False,0.0030718812371020787,0.0021446486935019493,1.4323470535801703,0.0005313246158267043,0.00015236411897041392,0.0008892777091250061,0.0005155840251814463,150390301,15039.0,GS 1826-238,277.36785,-23.79694,9.27256488,-6.08806202,52737.9219212963,52738.985763888886,91916.0,90684.0,90684.0,Prof,Walter,Lewin,17.56,Y,17.56_20190403_1200,55500.31826388889,58580.53833333332,54508.0,53162.0,610.0,delivered,0.0,,,0.0,,,1.0,90683.0,TI-TN (1),1.0,91916.0,SES (1),1.0,91911.0,SES (1),0.0,,,Y,"White Dwarf Binaries, Neutron Star Binaries, Cataclysmic Variables, ULXs and Black Holes",archived,1420.0,9.27256488
44,4596,False,False,False,False,0.0016823389380658557,0.0007345665944740176,2.290246998327613,0.0006761916584349284,0.00010835206788329836,0.0006891411781978114,0.00039024837978616166,748391301,74839.0,SAX J17448.39-2021,267.21645,-20.35861,7.72850297,3.80460433,57085.53944444445,57086.89824074073,117400.0,111101.0,110610.0,Dr,NORBERT,SCHARTEL (PS),17.56,Y,17.56_20190403_1200,57092.48259259259,58577.239652777775,57104.0,57275.0,2790.0,delivered,0.0,,,1.0,115435.0,FU-ME (1),2.0,111028.0,BU-ME (1); TI-ME (1),1.0,115505.0,SES (1),1.0,115543.0,SES (1),25.0,103993.0,IF-W1 (10); IF-W2 (5); IF-U (5); IF-M2 (5),Y,,archived,9999.0,7.72850297
45,4819,False,False,False,False,0.018693991639948154,0.013860129751265049,1.34876021909116,0.0026479997887998304,0.0009579981379085233,0.0013204246515725743,0.0018907204188021894,90340101,9034.0,U1728-16,262.9341,-16.96156,8.51290698,9.03783881,52156.40491898148,52156.6371875,20068.0,17795.0,8311.0,Dr,Saeqa,Vrtilek,17.56,Y,17.56_20190403_1200,55533.02229166666,58576.52018518519,52214.0,52942.0,318.0,delivered,1.0,10909.0,SW2-TK (1),1.0,10913.0,SW2-TK (1),1.0,9430.0,TI-TN (1),1.0,11450.0,SES (1),1.0,11486.0,SES (1),15.0,14999.0,IM-V (15),Y,"White Dwarf Binaries, Neutron Star Binaries, Cataclysmic Variables, ULXs and Black Holes",archived,1400.0,8.51290698
46,4820,False,False,False,False,0.019450794434645674,0.01481425017118454,1.3129786664788312,0.002817539964920869,0.0007480892192687038,0.0022947662613723788,0.0015141570842694754,90340601,9034.0,U1728-16,262.9341,-16.96156,8.51290698,9.03783881,52542.39792824073,52542.67395833333,23849.0,22247.0,22247.0,Dr,Saeqa,Vrtilek,17.56,Y,17.56_20190403_1200,55514.233877314815,58576.514502314814,52577.0,52942.0,512.0,delivered,1.0,23310.0,SW2-TK (1),1.0,23313.0,SW2-TK (1),1.0,22279.0,TI-TN (1),1.0,23504.0,SES (1),1.0,23510.0,SES (1),15.0,14996.0,IM-V (15),Y,"White Dwarf Binaries, Neutron Star Binaries, Cataclysmic Variables, ULXs and Black Holes",archived,1400.0,8.51290698
47,4821,False,False,False,False,0.017095122199792128,0.012968560680747032,1.318197340524561,0.0025281667539229437,0.0005659995828567536,0.001268631411295594,0.0012682721127823138,694860301,69486.0,GX9+9,262.92945,-16.96139,8.51066029,9.041697330000002,56379.30425925927,56379.727673611116,36583.0,34523.0,34523.0,Dr,Elisa,Costantini,17.56,Y,17.56_20190403_1200,56384.671944444446,58578.3127662037,56394.0,56759.0,2436.0,delivered,0.0,,,0.0,,,1.0,34939.0,BU-TK (1),1.0,36583.0,SES (1),1.0,36546.0,SES (1),4.0,19993.0,IM-M2 (1); IM-V (1); IM-W2 (1); IM-GRISM2 (1),Y,,archived,9999.0,8.51066029
48,5727,False,False,False,False,0.042136279006416984,0.029668176546692848,1.4202517279786773,0.006079602092849369,0.001351240390135605,0.006654374986246658,0.007300329653425405,691271401,69127.0,SWIFT J1910.2-0546,287.5950000000001,-5.798778,29.90271928,-6.84411867,56217.75858796296,56218.351331018515,51213.0,49033.0,49033.0,Dr,Rubens,Reis,17.56,Y,17.56_20190403_1200,56226.67791666666,58580.058252314804,56236.0,56601.0,2355.0,delivered,0.0,,,0.0,,,1.0,48788.0,TI-TK (1),1.0,51213.0,SES (1),1.0,51205.0,SES (1),30.0,35986.0,IF-M2 (30),Y,,archived,9999.0,29.90271928
49,6364,False,False,False,False,0.005929349921643734,0.004765194840729237,1.2443037734709588,0.0005295835239335762,0.0002849132883374611,0.0011593625666985246,0.0009136508809549299,744320201,74432.0,Swift J1753.5-0127,268.36785,-1.451722,24.89767774,12.18598463,56913.82986111112,56914.40856481482,50000.0,46733.0,46733.0,Dr,Mari,Kolehmainen,17.56,Y,17.56_20190403_1200,56920.822800925926,58580.62520833333,56933.0,57297.0,2704.0,delivered,0.0,,,1.0,48363.0,FU-ME (1),1.0,46740.0,TI-ME (1),1.0,48915.0,SES (1),1.0,48911.0,SES (1),15.0,41999.0,IF-W1 (5); IF-W2 (5); IF-M2 (5),Y,,archived,9999.0,24.89767774
50,6365,False,False,False,False,0.00582916123004487,0.0037477563600987196,1.5553735808726168,0.0008776504267119236,0.0010014935591819325,0.0007715110140284129,0.001260796566634195,744320301,74432.0,Swift J1753.5-0127,268.36785,-1.451722,24.89767774,12.18598463,56913.73685185185,56913.79472222223,5000.0,0.0,,Dr,Mari,Kolehmainen,17.56,Y,17.56_20190403_1200,56920.78486111111,58581.47109953704,56932.0,57297.0,2704.0,delivered,0.0,,,0.0,,,0.0,,,1.0,3917.0,SES (1),1.0,3905.0,SES (1),0.0,,,Y,,archived,9999.0,24.89767774
51,6366,False,False,False,False,0.03664931220995201,0.027480918914079666,1.3336276099259177,0.004109809792929561,0.0009480529852039522,0.0050285230193352765,0.00462461089555128,770580201,77058.0,Swift J1753.5-0127,268.36785,-1.451722,24.89767774,12.18598463,57100.09118055556,57100.649641203694,48251.0,41951.0,41951.0,Dr,NORBERT,SCHARTEL (PS),17.56,Y,17.56_20190403_1200,57105.90423611111,58578.998194444444,57117.0,57289.0,2797.0,delivered,1.0,46738.0,FU-TK (1),1.0,11234.0,FF-TK (1),2.0,42376.0,BU-TK (1); TI-TK (1),1.0,47186.0,SES (1),1.0,47159.0,SES (1),15.0,38397.0,IF-W1 (15),Y,,archived,9999.0,24.89767774
52,6367,False,False,False,False,0.004870134334151561,0.003546064253896475,1.3733914518892816,0.0004904823236101846,0.0003004110044724639,0.0005535010956133294,0.0005880983065295808,694930501,69493.0,SwiftJ1753.5-0127,268.368,-1.451694,24.89777542,12.18586566,56208.20626157407,56208.56434027777,30938.0,28733.0,28733.0,Ms,Alexandra,Veledina,17.56,Y,17.56_20190403_1200,56216.618668981486,58581.3196412037,56225.0,56590.0,2350.0,delivered,0.0,,,0.0,,,1.0,28739.0,TI-ME (1),1.0,30935.0,SES (1),1.0,30906.0,SES (1),20.0,21993.0,IM-M2 (5); IM-W2 (10); IM-W1 (5),Y,,archived,9999.0,24.89777542
53,6368,False,False,False,False,0.0038854930867123737,0.002932701725512743,1.3248851913274775,0.0004124121091370815,0.00019108805428596321,0.0006312266019831243,0.0005594588783197226,691740201,69174.0,SWIFT J1753.5-0127,268.368,-1.451667,24.89779977,12.18587841,56180.71846064815,56181.18247685185,40091.0,37883.0,37883.0,Dr,Phil,Uttley,17.56,Y,17.56_20190403_1200,56188.63056712962,58581.346342592595,56197.0,56562.0,2336.0,delivered,0.0,,,0.0,,,1.0,37890.0,TI-ME (1),1.0,40086.0,SES (1),1.0,40059.0,SES (1),8.0,35196.0,IF-W1 (4); IF-W2 (2); IF-M2 (2),Y,,archived,9999.0,24.89779977
54,6910,False,False,False,False,0.004116043497061172,0.002369449008256197,1.7371310725485445,0.0008899881146473828,0.00030762513964587885,0.0007325297700876282,0.0007687180355061898,303220301,30322.0,Aql X-1,287.8167000000001,0.585,35.71840387000001,-4.14299741,53471.60407407407,53471.873912037045,23314.0,22156.0,22156.0,Prof,Philip,Kaaret,17.56,Y,17.56_20190403_1200,55469.137870370374,58579.038622685184,53543.0,53910.0,978.0,delivered,0.0,,,0.0,,,1.0,22571.0,BU-TK (1),1.0,23314.0,SES (1),1.0,23302.0,SES (1),5.0,20498.0,IF-B (5),Y,"White Dwarf Binaries, Neutron Star Binaries, Cataclysmic Variables, ULXs and Black Holes",archived,1405.0,35.71840387000001
55,6911,False,False,False,False,0.005623414298867459,0.003550424240529537,1.5838710863546661,0.0011706343386799095,0.0004200481959536907,0.0011114146120483961,0.0009658089025616984,303220401,30322.0,Aql X-1,287.8167000000001,0.585,35.71840387000001,-4.14299741,53475.89162037037,53476.12462962963,20132.0,19403.0,19403.0,Prof,Philip,Kaaret,17.56,Y,17.56_20190403_1200,55468.19810185185,58579.9966087963,53545.0,53910.0,980.0,delivered,0.0,,,0.0,,,1.0,19402.0,BU-TK (1),1.0,20132.0,SES (1),1.0,20129.0,SES (1),5.0,13999.0,IF-B (5),Y,"White Dwarf Binaries, Neutron Star Binaries, Cataclysmic Variables, ULXs and Black Holes",archived,1405.0,35.71840387000001
56,6912,False,False,False,False,0.010931641523531833,0.006797054782509804,1.6082909250137511,0.0027078458022921637,0.00041598226406451436,0.002412944744524137,0.001761649009584131,406700201,40670.0,Aql X-1,287.8167000000001,0.585,35.71840387000001,-4.14299741,55474.18011574073,55474.79431712962,53067.0,51786.0,50193.0,Mr,D.,Altamirano,17.56,Y,17.56_20190403_1200,55483.68730324073,58579.50320601852,55503.0,55868.0,1982.0,delivered,0.0,,,0.0,,,2.0,50208.0,BU-ME (1); TI-ME (1),1.0,53060.0,SES (1),1.0,53059.0,SES (1),11.0,47432.0,IF-W1 (11),Y,"White Dwarf Binaries, Neutron Star Binaries, Cataclysmic Variables, ULXs and Black Holes",archived,9999.0,35.71840387000001
57,7260,False,False,False,False,0.002629143834513213,0.0018260544165968895,1.439794899109849,0.0003634302854731257,0.00047042790674440074,0.0006420609172265476,0.00030433671853009447,112770801,11277.0,3C 273,187.275,2.051944,289.94448876,64.35895708,52625.93398148148,52625.99907407408,5624.0,4993.0,4993.0,Dr,Martin,Turner,17.56,Y,17.56_20190403_1200,55506.03636574073,58581.385740740734,52671.0,53378.0,554.0,delivered,1.0,4896.0,FU-ME (1),1.0,5150.0,SW2-ME (1),1.0,5000.0,SW-TN (1),1.0,5401.0,SES (1),1.0,5402.0,SES (1),1.0,5000.0,IM-GRISM1 (1),Y,"AGN, QSOs and BL-Lacs",archived,7200.0,-70.05551123999999
58,7523,False,False,False,False,0.008391101061683762,0.00465919217094779,1.8009776703365323,0.0025044450663937352,0.0006109465977888396,0.002738820982682702,0.0016595671226841838,84020401,8402.0,Serpens X-1,279.98745,5.035,36.11624878,4.84383647,53086.63576388889,53086.88803240741,21796.0,20527.0,20527.0,Dr,Tod,Strohmayer,17.56,Y,17.56_20190403_1200,55484.5383912037,58578.39525462962,53119.0,53497.0,785.0,delivered,1.0,16279.0,FU-TK (1),1.0,16299.0,FU-TK (1),1.0,20565.0,TI-TK (1),1.0,21761.0,SES (1),1.0,21763.0,SES (1),5.0,19800.0,IF-B (5),Y,"White Dwarf Binaries, Neutron Star Binaries, Cataclysmic Variables, ULXs and Black Holes",archived,1420.0,36.11624878
59,7524,False,False,False,False,0.006503975625242015,0.003298454452306032,1.9718252045878404,0.001927173210011499,0.00042194005545862564,0.0018940518190623604,0.00129500464810602,84020501,8402.0,Serpens X-1,279.98745,5.035,36.11624878,4.84383647,53088.62841435184,53088.882060185184,21915.0,20677.0,20677.0,Dr,Tod,Strohmayer,17.56,Y,17.56_20190403_1200,55485.62135416666,58578.07296296296,53119.0,53497.0,786.0,delivered,1.0,21465.0,FU-TK (1),1.0,21476.0,FU-TK (1),1.0,20719.0,TI-TK (1),1.0,21915.0,SES (1),1.0,21911.0,SES (1),5.0,19997.0,IF-B (5),Y,"White Dwarf Binaries, Neutron Star Binaries, Cataclysmic Variables, ULXs and Black Holes",archived,1420.0,36.11624878
60,7525,False,False,False,False,0.0066631632949133495,0.0035937668289989233,1.8540889300738064,0.0019282551273392835,0.00035928505483598643,0.0024633450127959852,0.001301982899679711,84020601,8402.0,Serpens X-1,279.98745,5.035,36.11624878,4.84383647,53090.607974537044,53090.86207175926,21954.0,20677.0,20677.0,Dr,Tod,Strohmayer,17.56,Y,17.56_20190403_1200,55484.76041666666,58578.102951388886,53132.0,53497.0,787.0,delivered,1.0,21472.0,FU-TK (1),1.0,21467.0,FU-TK (1),1.0,20709.0,TI-TK (1),1.0,21914.0,SES (1),1.0,21907.0,SES (1),5.0,20001.0,IF-B (5),Y,"White Dwarf Binaries, Neutron Star Binaries, Cataclysmic Variables, ULXs and Black Holes",archived,1420.0,36.11624878
61,7732,False,False,False,False,0.2380726525744239,0.21547578275203705,1.104869649543822,0.009343250476192442,0.006392004739606452,0.013124761771551474,0.010472174647825822,820880601,82088.0,MAXI J1820+070,275.0913,7.1853055,35.85346729,10.15925145,58389.913530092585,58390.06469907407,13061.0,9677.0,9677.0,Prof,Thomas,Maccarone,17.56,Y,17.56_20190403_1200,58394.66888888889,58672.53947916666,58413.0,58777.0,3444.0,delivered,0.0,,,0.0,,,1.0,9943.0,BU-TN (1),1.0,11922.0,SSW (1),1.0,11686.0,SSW (1),5.0,9997.0,IF-B (5),Y,,archived,9999.0,35.85346729
62,7849,False,False,False,False,0.017894411838234783,0.012760245241224766,1.4023564202687082,0.002594828588527462,0.0009961379452555518,0.0008561992864308428,0.0014625760437951482,701200201,70120.0,4U 0614+091,94.280415,9.1369444,200.87735759,-3.36351959,56544.003865740735,56544.21219907407,18000.0,14733.0,12209.0,Dr,Jerome,Chenevez,17.56,Y,17.56_20190403_1200,56548.65090277777,58580.74679398148,56553.0,56918.0,2518.0,delivered,0.0,,,1.0,16446.0,FU-TK (1),1.0,12221.0,TI-TK (1),1.0,16936.0,SES (1),1.0,16908.0,SES (1),4.0,10398.0,IF-W1 (4),Y,,archived,9999.0,-159.12264241
63,7852,False,False,False,False,0.015959517467398564,0.011315996758639812,1.4103501271519367,0.002249092941340505,0.0007500077881728166,0.0006132114294862927,0.0010785215010016506,701200101,70120.0,4U 0614+091,94.280415,9.136945,200.87735706,-3.3635193,56360.035625,56360.19113425926,13436.0,11233.0,11233.0,Dr,Jerome,Chenevez,17.56,Y,17.56_20190403_1200,56365.48368055555,58580.7031712963,56383.0,56918.0,2426.0,delivered,0.0,,,1.0,13003.0,FU-TK (1),1.0,11240.0,TI-TK (1),1.0,13434.0,SES (1),1.0,13404.0,SES (1),5.0,11500.0,IF-W1 (5),Y,,archived,9999.0,-159.12264294
64,8068,False,False,False,False,0.005989088267497309,0.004872625228017569,1.2291296759414378,0.0005915081493252611,0.00022005608228491225,0.0007823545302881128,0.0004960718841317607,206320101,20632.0,4U 1957+11,299.85,11.70833,51.30768828,-9.33012893,53294.00719907408,53294.52708333333,44918.0,43636.0,43636.0,Dr,JEROEN,HOMAN,17.56,Y,17.56_20190403_1200,55474.838773148156,58577.7256712963,53321.0,53686.0,889.0,delivered,1.0,44408.0,FU-TK (1),1.0,44677.0,FF-TK (1),1.0,43660.0,TI-TK (1),1.0,44918.0,SES (1),1.0,44911.0,SES (1),8.0,30795.0,IF-W1 (8),Y,"White Dwarf Binaries, Neutron Star Binaries, Cataclysmic Variables, ULXs and Black Holes",archived,1400.0,51.30768828
65,8069,False,False,False,False,0.004915095809437744,0.0036698034964501858,1.339334875611769,0.0005563380107781058,0.00025735082005480937,0.0006386477202173918,0.00032467199897897887,720940101,72094.0,4U 1957+11,299.84955,11.708333,51.30746497,-9.32974734,56613.100752314815,56613.57065972222,40600.0,37333.0,37333.0,Dr,Michael,Nowak,17.56,Y,17.56_20190403_1200,56618.73899305556,58579.426122685196,56637.0,57001.0,2553.0,delivered,1.0,39070.0,FU-TK (1),1.0,38962.0,FU-TK (1),1.0,37342.0,TI-TK (1),1.0,39516.0,SES (1),1.0,39515.0,SES (1),10.0,30598.0,IF-V (10),Y,"White Dwarf Binaries, Neutron Star Binaries, Cataclysmic Variables, ULXs and Black Holes",archived,9999.0,51.30746497
66,8830,False,False,False,False,0.011597570574299975,0.008007237687706947,1.4483859511383133,0.0020029518981759904,0.0008008988816034461,0.0013511214295692762,0.0007068348169786999,811022901,81102.0,Crab,83.62870499999998,21.990833,184.57535801,-5.80045787,58374.335601851846,58375.172407407415,72300.0,68977.0,68977.0,Dr,Peter Kretschmar,XMM-Newton MM,17.56,Y,17.56_20190403_1200,58379.32298611111,58576.5158912037,58392.0,58378.0,3436.0,delivered,2.0,25212.0,FU-TK (2),2.0,25555.0,FU-TK (2),1.0,69264.0,BU-TK (1),13.0,70703.0,SES (13),13.0,70358.0,SES (13),7.0,32790.0,IM-M2 (3); IM-W2 (1); IM-W1 (3),Y,,archived,9999.0,-175.42464199
67,8838,False,False,False,False,0.1339230832162794,0.08831854164600372,1.5163642958810022,0.019665854657629357,0.009754489806776364,0.021245501703382103,0.0075943099435041295,118700101,11870.0,Crab Nebula,83.63334,22.01444,184.55762829,-5.78419081,51600.44408564815,51600.51827546296,6410.0,599.0,,Mr,Fred,Jansen XMM-Newton PS,17.56,Y,17.56_20190403_1200,55572.248726851845,58589.623402777775,53800.0,51611.0,40.0,delivered,0.0,,,0.0,,,0.0,,,1.0,6406.0,HER (1),1.0,6410.0,HER (1),0.0,,,Y,"Stars, White Dwarfs and Solar System",archived,3100.0,-175.44237171
68,8842,False,False,False,False,0.1430434286594391,0.10515183955430984,1.3603511766007539,0.02111291922597035,0.006522109121585768,0.02393363471086818,0.009214675760689378,137550801,13755.0,Crab,83.63334,22.01444,184.55762829,-5.78419081,52185.54833333333,52185.8577662037,26735.0,24595.0,,Dr,Fred,Jansen XMM-Newton PS,17.56,Y,17.56_20190403_1200,55530.74789351851,58579.51925925926,52433.0,52185.0,333.0,delivered,2.0,25379.0,FC-TK (1); FU-TK (1),2.0,25211.0,FU-TK (2),0.0,,,1.0,26680.0,SES (1),1.0,26675.0,SES (1),3.0,6000.0,IM-M2 (1); IM-U (1); IM-W2 (1),Y,Galaxies and Galactic Surveys,archived,3100.0,-175.44237171
69,8844,False,False,False,False,0.15410207678656002,0.11000657826662064,1.4008441969085343,0.023739265712180362,0.006156783588604276,0.022353587623642646,0.011623172568717421,153750301,15375.0,Crab,83.63334,22.01444,184.55762829,-5.78419081,52341.26932870369,52341.39336805556,10717.0,8583.0,8583.0,Dr,Fred,Jansen,17.56,Y,17.56_20190403_1200,55522.93018518519,58578.64224537037,52360.0,52340.0,411.0,delivered,1.0,9785.0,FU-TK (1),1.0,10145.0,FU-TK (1),1.0,9035.0,BU-ME (1),1.0,10662.0,SES (1),1.0,10660.0,SES (1),1.0,2565.0,IM-W1 (1),Y,"Stars, White Dwarfs and Solar System",archived,3100.0,-175.44237171
70,8854,False,False,False,False,0.1445787102802769,0.10372535139322281,1.3938608868354567,0.022264007533985296,0.007273643903079979,0.025935279577715242,0.014545547377286694,160961101,16096.0,Crab,83.63334,22.01444,184.55762829,-5.78419081,53613.13877314815,53613.20512731482,5733.0,5000.0,5000.0,Mr,Fred,Jansen XMM-Newton PS,17.56,Y,17.56_20190403_1200,55461.24753472223,58581.429780092585,53637.0,53613.0,1049.0,delivered,0.0,,,0.0,,,1.0,5033.0,BU-TK (1),1.0,5733.0,SES (1),1.0,5727.0,SES (1),1.0,2799.0,IM-M2 (1),Y,"Supernovae, Supernova Remnants, Diffuse (Galactic) Emission and Isolated Neutron Stars",archived,3100.0,-175.44237171
71,8857,False,False,False,False,0.14688652663767993,0.11019107699394226,1.3330165258821727,0.022125622066896788,0.009226426568625379,0.01761419273882292,0.01240091870211843,160961401,16096.0,Crab,83.63334,22.01444,184.55762829,-5.78419081,53795.42055555556,53795.49332175927,6287.0,4993.0,4993.0,Mr,Fred,Jansen XMM-Newton PS,17.56,Y,17.56_20190403_1200,55454.125451388885,58581.418877314805,53878.0,53796.0,1140.0,delivered,0.0,,,0.0,,,1.0,5012.0,TI-TK (1),1.0,6287.0,SES (1),1.0,6286.0,SES (1),1.0,3300.0,IM-W1 (1),Y,"Supernovae, Supernova Remnants, Diffuse (Galactic) Emission and Isolated Neutron Stars",archived,3100.0,-175.44237171
72,8876,False,False,False,False,0.11203997885132884,0.08025180548429489,1.396105398192628,0.017255050115928646,0.003484536162792819,0.018738653278018935,0.007776394393593303,412592601,41259.0,Crab,83.63334,22.01444,184.55762829,-5.78419081,54886.906643518516,54887.12587962963,18942.0,17786.0,17786.0,Dr,Arvind,Parmar XMM-Newton MM,17.56,Y,17.56_20190403_1200,55942.438217592586,58581.09896990741,55995.0,54946.0,1687.0,delivered,0.0,,,0.0,,,1.0,18234.0,BU-TK (1),1.0,18941.0,SSW (1),1.0,18922.0,SSW (1),3.0,3001.0,IM-W1 (3),Y,,archived,9999.0,-175.44237171
73,9741,False,False,False,False,3.5804321112084505e-05,-0.0009097189758904278,-0.03935756212740252,0.0003950837381356288,0.0005375149483621249,0.0005177601349970898,0.00022744448179644024,93031801,9303.0,Abell 2261,260.6133,32.13164,55.58825678,31.86036577,53042.173738425925,53042.31826388889,12487.0,9479.0,399.0,Prof,John P.,Hughes,17.56,Y,17.56_20190403_1200,55485.39760416666,58581.46266203704,53111.0,53487.0,762.0,delivered,0.0,,,0.0,,,0.0,,,1.0,2830.0,SES (1),1.0,2741.0,SES (1),5.0,11194.0,IM-M2 (5),Y,"Groups of Galaxies, Clusters of Galaxies and Superclusters",archived,5000.0,55.58825678
74,9954,False,False,False,False,0.06719528498885395,0.03575467690825462,1.8793425308044298,0.01970235045986449,0.0024521107441946135,0.01735797896627228,0.012627498276204976,202760201,20276.0,CYGNUS X-1,299.59035,35.20158,71.33498165,3.06679808,53323.920787037045,53324.13969907408,18914.0,17636.0,17375.0,Dr,JOERN,WILMS,17.56,Y,17.56_20190403_1200,55474.13895833334,58581.24318287037,53346.0,53721.0,904.0,delivered,0.0,,,0.0,,,1.0,17375.0,TI-TK (1),1.0,18914.0,SES (1),1.0,18911.0,SES (1),5.0,16995.0,IM-W1 (5),Y,"White Dwarf Binaries, Neutron Star Binaries, Cataclysmic Variables, ULXs and Black Holes",archived,1130.0,71.33498165
75,9955,False,False,False,False,0.04333150118671276,0.025505730882287025,1.6988927463672567,0.010903371418490269,0.001761273383748629,0.00872635240725686,0.009553581739700077,202760301,20276.0,CYGNUS X-1,299.59035,35.20158,71.33498165,3.06679808,53329.905277777776,53330.124143518515,18910.0,17636.0,17636.0,Dr,JOERN,WILMS,17.56,Y,17.56_20190403_1200,55474.235763888886,58580.63414351852,53349.0,53721.0,907.0,delivered,0.0,,,0.0,,,1.0,17411.0,TI-TK (1),1.0,18908.0,SES (1),1.0,18910.0,SES (1),5.0,16999.0,IM-W1 (5),Y,"White Dwarf Binaries, Neutron Star Binaries, Cataclysmic Variables, ULXs and Black Holes",archived,1130.0,71.33498165
76,9956,False,False,False,False,0.049087218244324674,0.026406295597553253,1.8589210312738067,0.013576511847656136,0.001827290623761437,0.010635635506352492,0.009752743277316268,202760401,20276.0,CYGNUS X-1,299.59035,35.20158,71.33498165,3.06679808,53335.8896875,53336.13516203704,21209.0,19936.0,19936.0,Dr,JOERN,WILMS,17.56,Y,17.56_20190403_1200,55473.90313657408,58581.24554398147,53356.0,53721.0,910.0,delivered,0.0,,,0.0,,,1.0,19762.0,TI-TK (1),1.0,21209.0,SES (1),1.0,21207.0,SES (1),5.0,19297.0,IM-W1 (5),Y,"White Dwarf Binaries, Neutron Star Binaries, Cataclysmic Variables, ULXs and Black Holes",archived,1130.0,71.33498165
77,9957,False,False,False,False,0.048141936536182414,0.026393897831439972,1.8239798018327003,0.013381103666251332,0.0020684478952018347,0.011857649955662741,0.009502505401992878,202760501,20276.0,CYGNUS X-1,299.59035,35.20158,71.33498165,3.06679808,53341.87422453704,53342.00402777777,11215.0,9936.0,9766.0,Dr,JOERN,WILMS,17.56,Y,17.56_20190403_1200,55474.17912037037,58581.368668981486,53356.0,53721.0,913.0,delivered,0.0,,,0.0,,,1.0,9767.0,TI-TK (1),1.0,11213.0,SES (1),1.0,11211.0,SES (1),5.0,9299.0,IM-W1 (5),Y,"White Dwarf Binaries, Neutron Star Binaries, Cataclysmic Variables, ULXs and Black Holes",archived,1130.0,71.33498165
78,9958,False,False,False,False,0.01260406978858205,0.006504151038825512,1.9378501073151633,0.004049358553747693,0.0007355287990034548,0.0032621216566892375,0.0023010720718836166,605610401,60561.0,Cyg X-1,299.59035,35.20158,71.33498165,3.06679808,55167.155752314815,55167.53701388889,32941.0,31636.0,31636.0,Dr,Phil,Uttley,17.56,Y,17.56_20190403_1200,55363.98273148148,58580.852453703694,55181.0,55546.0,1828.0,delivered,0.0,,,0.0,,,1.0,31654.0,TI-TK (1),1.0,32941.0,SES (1),1.0,32909.0,SES (1),7.0,28656.0,IF-W1 (2); IF-W2 (1); IF-V (1); IF-B (1); IF-M2 (2),Y,,archived,9999.0,71.33498165
79,9959,False,False,False,False,0.007153567351441789,0.004255311097949743,1.6810915081833755,0.0016492379555749328,0.0004035262979168641,0.004488309539845456,0.0015884399162216633,745250701,74525.0,Cyg X-1,299.5902,35.201583,71.33492025,3.06690426,57541.91260416666,57543.48204861111,135600.0,128401.0,128401.0,Dr,Phil,Uttley,17.56,Y,17.56_20190403_1200,57549.62263888889,58577.66744212962,57567.0,57931.0,3019.0,delivered,0.0,,,0.0,,,2.0,128839.0,BU-TK (1); TI-TK (1),1.0,134536.0,SES (1),1.0,134508.0,SES (1),25.0,109997.0,IF-V (25),Y,,archived,9999.0,71.33492025
80,9960,False,False,False,False,0.09404389662565765,0.05052608996629715,1.8612937729475714,0.03027613068617063,0.0046769990251686175,0.02294897677238683,0.01729912167110828,202401101,20240.0,CYGNUS X-1,299.59035,35.20161,71.33500728999998,3.06681371,53284.03545138889,53284.246342592596,18221.0,17086.0,17504.0,Dr,JON,MILLER,17.56,Y,17.56_20190403_1200,55476.30494212963,58581.367581018516,53410.0,54021.0,884.0,delivered,0.0,,,0.0,,,1.0,17503.0,BU-ME (1),1.0,18214.0,SES (1),1.0,18213.0,SES (1),2.0,9999.0,UNDEFINED-W2 (1); IM-W2 (1),Y,"White Dwarf Binaries, Neutron Star Binaries, Cataclysmic Variables, ULXs and Black Holes",archived,1130.0,71.33500728999998
81,9961,False,False,False,False,0.09085928550460837,0.046747785061597824,1.9436062133186942,0.02834288554531337,0.003903409710405037,0.01796450107945302,0.013452405199581921,202401201,20240.0,CYGNUS X-1,299.59035,35.20161,71.33500728999998,3.06681371,53286.02991898148,53286.241018518514,18239.0,17086.0,17086.0,Dr,JON,MILLER,17.56,Y,17.56_20190403_1200,55474.3887037037,58580.862858796296,53325.0,54021.0,885.0,delivered,0.0,,,0.0,,,1.0,17503.0,BU-ME (1),1.0,18234.0,SES (1),1.0,18235.0,SES (1),2.0,10001.0,IM-W2 (2),Y,"White Dwarf Binaries, Neutron Star Binaries, Cataclysmic Variables, ULXs and Black Holes",archived,1130.0,71.33500728999998
82,9963,False,False,False,False,0.021750947788030238,0.01102638989686966,1.9726263982561718,0.007010252352047513,0.001207404189319676,0.005607122045159965,0.0043488863268910175,610000401,61000.0,Cygnus X-1,299.59035,35.20161,71.33500728999998,3.06681371,54967.98116898148,54968.269837962966,24941.0,23786.0,23786.0,Dr,NORBERT,SCHARTEL (PS),17.56,Y,17.56_20190403_1200,55381.01967592593,58580.69158564816,54997.0,55180.0,1728.0,delivered,0.0,,,0.0,,,1.0,24203.0,BU-ME (1),1.0,24941.0,SES (1),1.0,24907.0,SES (1),7.0,20661.0,IF-V (3); IF-M2 (4),Y,,archived,9999.0,71.33500728999998
83,9964,False,False,False,False,0.0063649935054255055,0.004024059511721134,1.5817344368008932,0.0013185494150181741,0.0003326261567623773,0.003253381926513435,0.00167586361082163,745250201,74525.0,Cyg X-1,299.5902,35.201611,71.33494419,3.06691885,57535.930486111116,57537.624930555554,146400.0,143133.0,119337.0,Dr,Phil,Uttley,17.56,Y,17.56_20190403_1200,57542.45778935184,58577.48221064815,57548.0,57931.0,3016.0,delivered,0.0,,,0.0,,,2.0,119342.0,TI-TK (2),1.0,119113.0,SES (1),1.0,119087.0,SES (1),25.0,109997.0,IM-V (1); IF-V (24),Y,"White Dwarf Binaries, Neutron Star Binaries, Cataclysmic Variables, ULXs and Black Holes",archived,9999.0,71.33494419
84,9965,False,False,False,False,0.013731124294041604,0.00765388086438179,1.794008103515298,0.004188744981330999,0.0004972891393586613,0.003899768228282363,0.002521176923597145,745250501,74525.0,Cyg X-1,299.5902,35.201611,71.33494419,3.06691885,57537.92479166666,57539.600717592584,144800.0,141533.0,137711.0,Dr,Phil,Uttley,17.56,Y,17.56_20190403_1200,57548.45480324074,58576.519108796296,57567.0,57931.0,3017.0,delivered,0.0,,,0.0,,,1.0,137711.0,TI-TK (1),1.0,139603.0,SES (1),1.0,139621.0,SES (1),30.0,129192.0,IF-V (30),Y,,archived,9999.0,71.33494419
85,9966,False,False,False,False,0.012322644774730388,0.006690395995974541,1.8418408689328172,0.003880594109389124,0.0004426696298613156,0.003283704168937418,0.002383733791825266,745250601,74525.0,Cyg X-1,299.5902,35.201611,71.33494419,3.06691885,57539.91657407407,57541.59945601851,145401.0,142134.0,141117.0,Dr,Phil,Uttley,17.56,Y,17.56_20190403_1200,57548.50150462963,58577.09190972223,57567.0,57931.0,3018.0,delivered,0.0,,,0.0,,,2.0,141127.0,TI-TK (2),1.0,144345.0,SES (1),1.0,144313.0,SES (1),30.0,129782.0,IF-V (30),Y,,archived,9999.0,71.33494419
86,10183,False,False,False,False,0.02320935233281209,0.021331192925572395,1.0880475561677616,0.0009423910279538684,0.001210196773675369,0.0019696198030744287,0.0007543748640623446,0658802801,65880.0,Mkn 421 +2 XDSP,166.09575,38.178611,179.91020402,65.02753082,57533.933796296296,57534.04953703704,10000.0,6680.0,,Dr,Fred,Jansen XMM-Newton MM,17.56,Y,17.56_20190403_1200,57540.59758101852,58581.45554398149,57562.0,57539.0,3015.0,delivered,0.0,,,0.0,,,0.0,,,1.0,8913.0,SES (1),1.0,8907.0,SES (1),2.0,7998.0,IF-W2 (2),Y,,archived,9999.0,179.91020402
87,10190,False,False,False,False,0.010028724251622026,0.009232367388904095,1.0862570594488075,0.0004072756133796748,0.0005329232004152955,0.0006852854743890375,0.0006381624134150915,0791780501,79178.0,Mkn 421 -30,166.1232,38.205277,179.83413944,65.03960277,57705.522488425915,57705.735451388886,18400.0,15439.0,,Dr,Fred,Jansen XMM-Newton PS,17.56,Y,17.56_20190403_1200,57713.51953703704,58581.3346412037,57715.0,57712.0,3101.0,delivered,0.0,,,0.0,,,0.0,,,1.0,17318.0,SES (1),1.0,17308.0,SES (1),4.0,15800.0,IF-W2 (4),Y,,archived,9999.0,179.83413944
88,10204,False,False,False,False,0.01681493073292486,0.015145228244364262,1.1102461093104963,0.0005397875696942782,0.0006546474494516188,0.0013503384399659625,0.0005788186902024213,0136540401,13654.0,Mkn 421,166.11375,38.20883,179.83170816,65.0314351,52582.320636574084,52582.59745370369,23917.0,22046.0,22046.0,Dr,Fred,Jansen,17.56,Y,17.56_20190403_1200,55509.392604166664,58578.59791666666,52657.0,52582.0,532.0,delivered,1.0,23416.0,FU-TN (1),1.0,23410.0,FU-TN (1),1.0,22154.0,FF-TN (1),1.0,23917.0,SES (1),1.0,23914.0,SES (1),0.0,,,Y,"AGN, QSOs and BL-Lacs",archived,7300.0,179.83170816
89,10208,False,False,False,False,0.011647422716103412,0.010195335373282433,1.1424266382277402,0.0006564118990649737,0.0008830802401376684,0.0005783142001949213,0.000397454969292348,0158970201,15897.0,Mkn421,166.11375,38.20883,179.83170816,65.0314351,52792.044432870374,52792.1481712963,8963.0,18253.0,18253.0,Mr,Fred,Jansen XMM-Newton PM,17.56,Y,17.56_20190403_1200,55497.86770833333,58579.64425925926,52816.0,52792.0,637.0,delivered,1.0,8912.0,FU-TK (1),1.0,8911.0,SW2-TK (1),1.0,7575.0,FMK-TK (1),1.0,8957.0,SES (1),1.0,8961.0,SES (1),0.0,,,Y,"AGN, QSOs and BL-Lacs",archived,7300.0,179.83170816
90,10224,False,False,False,False,0.012184991071430536,0.010278106667101383,1.1855287618713661,0.0007386438433692182,0.000889884023184164,0.0006517220433651001,0.0005061658723387423,0656380601,65638.0,Mkn 421,166.11375,38.20883,179.83170816,65.0314351,55510.89989583333,55511.00315972222,8922.0,7032.0,,Dr,Arvind,Parmar XMM-Newton MM,17.56,Y,17.56_20190403_1200,55517.529652777775,58581.612546296295,55528.0,55510.0,2000.0,delivered,0.0,,,0.0,,,0.0,,,1.0,8922.0,SES (1),1.0,8909.0,SES (1),0.0,,,Y,,archived,9999.0,179.83170816
91,10239,False,False,False,False,0.021274205829416002,0.018752047792077065,1.134500405785259,0.0009013296921728582,0.0009860371850772276,0.0005641056537911832,0.0006401126785697889,0670920301,67092.0,Mrk 421,166.11375,38.208833,179.83170142,65.03143415,56776.1468287037,56776.3343287037,16200.0,12933.0,12933.0,Dr,Wei,Cui,17.56,Y,17.56_20190403_1200,56784.73891203704,58580.31760416666,56804.0,57168.0,2635.0,delivered,1.0,14666.0,FU-TN (1),1.0,14562.0,FU-TN (1),1.0,12963.0,TI-TN (1),1.0,15118.0,SES (1),1.0,15117.0,SES (1),5.0,12999.0,IM-M2 (1); IF-M2 (4),Y,,archived,9999.0,179.83170142
92,10244,False,False,False,False,0.01403962293701185,0.01300245150923729,1.0797673751782675,0.000372041100193023,0.0003923338365546243,0.0007398092667624812,0.00031232861139594663,0099280101,9928.0,Mkn 421,166.11255,38.20889,179.83227862,65.03052148,51689.13693287037,51689.906574074084,66497.0,57504.0,32503.0,Dr,Fred,Jansen XMM-Newton PS,17.56,Y,17.56_20190403_1200,55566.580254629625,58577.810706018514,52835.0,52211.0,84.0,delivered,2.0,26558.0,SW4-ME (1); FU-ME (1),2.0,26569.0,SW4-ME (1); FU-ME (1),2.0,55251.0,SW-TK (1); TI-TK (1),2.0,63820.0,SES (2),2.0,63821.0,SES (2),0.0,,,Y,"AGN, QSOs and BL-Lacs",archived,7300.0,179.83227862
93,10248,False,False,False,False,0.018760909459420612,0.0170819740742445,1.0982869648366662,0.0005708801795756365,0.0007623235336793967,0.0010546261288897907,0.00042918951582282885,0099280601,9928.0,Mkn 421 off-axis,166.11255,38.20889,179.83227862,65.03052148,51863.07905092592,51863.31299768519,20213.0,11268.0,,Dr,Fred,Jansen XMM-Newton PS,17.56,Y,17.56_20190403_1200,55552.009571759256,58581.47872685185,51983.0,51864.0,171.0,delivered,0.0,,,0.0,,,0.0,,,1.0,20213.0,SES (1),1.0,20209.0,SES (1),0.0,,,Y,"AGN, QSOs and BL-Lacs",archived,7300.0,179.83227862
94,10283,False,False,False,False,0.04570800033244458,0.032769575715065,1.3948303978629621,0.0059691664943137285,0.0020093280224454963,0.0046982310591899,0.0023915913861514773,0111360101,11136.0,Cyg X-2,326.1666,38.32056,87.3246867,-11.31447332,52428.426620370374,52428.67590277777,21538.0,18664.0,18664.0,Dr,Bernd,Aschenbach,17.56,Y,17.56_20190403_1200,55518.08256944444,58577.16923611111,52451.0,52816.0,455.0,delivered,1.0,20908.0,FU-TN (1),1.0,20897.0,FU-TN (1),1.0,18679.0,FF-TN (1),1.0,21536.0,SES (1),1.0,21538.0,SES (1),5.0,19897.0,IM-W2 (5),Y,"Supernovae, Supernova Remnants, Diffuse (Galactic) Emission and Isolated Neutron Stars",archived,3900.0,87.3246867
95,10284,False,False,False,False,0.03875017857977322,0.028131578117609024,1.3774619545967617,0.005254427411036193,0.0013010678991090077,0.004844498014887774,0.002110421517013107,0303280101,30328.0,Cyg X-2,326.1717,38.32167,87.32849828,-11.31628241,53535.57634259259,53535.944502314815,31809.0,29931.0,29931.0,Dr,Elisa,Costantini,17.56,Y,17.56_20190403_1200,55463.43516203704,58577.24938657408,53670.0,54035.0,1010.0,delivered,1.0,31351.0,FU-TN (1),1.0,31369.0,FU-TN (1),1.0,29981.0,FMK-ME (1),1.0,31805.0,SES (1),1.0,31809.0,SES (1),4.0,16577.0,IM-M2 (1); IM-W2 (2); IM-W1 (1),Y,"Supernovae, Supernova Remnants, Diffuse (Galactic) Emission and Isolated Neutron Stars",archived,3900.0,87.32849828
96,10286,False,False,False,False,0.041007296642759344,0.031427789479494095,1.304810084384575,0.004479240257008191,0.0017287436042917792,0.001488498563353799,0.002924568539540512,0561180501,56118.0,Cyg X-2,326.1717,38.32167,87.32849828,-11.31628241,54964.41936342593,54964.69660879629,23954.0,22786.0,22786.0,Dr,Arvind,Parmar XMM-Newton MM,17.56,Y,17.56_20190403_1200,55916.673680555556,58580.34359953704,56006.0,54964.0,1726.0,delivered,0.0,,,0.0,,,1.0,23204.0,BU-ME (1),4.0,23725.0,SES (1); SSW (3),4.0,23715.0,SES (1); SSW (3),4.0,17220.0,IF-W1 (2); IF-W2 (1); IF-M2 (1),Y,,archived,9999.0,87.32849828
97,10288,False,False,False,False,0.05671744707685251,0.042908925563097,1.3218100041552021,0.008333642056060025,0.001531382641471107,0.00730829045430309,0.00367308464866814,0650040901,65004.0,Cygnus X-2 pointing3,326.1717,38.32167,87.32849828,-11.31628241,55524.2412037037,55524.59930555556,30940.0,29786.0,29786.0,Dr,Cor,de Vries,17.56,Y,17.56_20190403_1200,55922.47173611111,58581.3990625,56005.0,55910.0,2007.0,delivered,0.0,,,0.0,,,1.0,30209.0,BU-TN (1),1.0,30940.0,SSW (1),1.0,30872.0,SSW (1),0.0,,,Y,,archived,9999.0,87.32849828
98,10289,False,False,False,False,0.05821709572286396,0.04273153841495514,1.3623917575242084,0.008857578333067447,0.0025133239112290554,0.007140912560221896,0.002617758171637785,0650040801,65004.0,Cygnus X-2 pointing2,326.1762,38.323805,87.33263977,-11.31701065,55522.546863425916,55522.91741898149,32016.0,29786.0,29786.0,Dr,Cor,de Vries,17.56,Y,17.56_20190403_1200,58893.583101851844,58581.29125,55998.0,55910.0,2006.0,delivered,0.0,,,0.0,,,1.0,30209.0,BU-TN (1),1.0,30941.0,SSW (1),1.0,30876.0,SSW (1),0.0,,,Y,,archived,9999.0,87.33263977
99,12144,False,False,False,False,-0.00029490193066651827,-0.001425534370355308,0.20687114726880648,0.000452954808637966,0.0002612500033525368,0.0008180475134300889,0.0007488342199120172,0310590201,31059.0,Tycho SNR,6.341655,64.14,120.09311861,1.41204734,53587.80744212962,53588.17644675926,31882.0,29998.0,29998.0,Dr,Fred,Jansen XMM-Newton PS,17.56,Y,17.56_20190403_1200,55753.40541666666,58583.71594907408,53621.0,53587.0,1036.0,delivered,1.0,31636.0,FF-ME (1),1.0,31642.0,FF-ME (1),1.0,30083.0,FF-ME (1),1.0,31882.0,SES (1),1.0,31875.0,SES (1),7.0,11502.0,IM-M2 (1); IM-V (1); IM-B (1); IM-U (1); IM-W2 (1); IM-W1 (1); IM-GRISM2 (1),Y,"Supernovae, Supernova Remnants, Diffuse (Galactic) Emission and Isolated Neutron Stars",archived,3200.0,120.09311861
100,12145,False,False,False,False,-0.00031307533678485484,-0.0017699416493996978,0.176884552601516,0.0004773419337403784,0.00029250775035637633,0.0009102908652811339,0.0007748217863595558,0412380101,41238.0,Tycho SNR,6.341655,64.14,120.09311861,1.41204734,53944.335127314815,53944.70414351852,31883.0,29999.0,29999.0,Dr,Arvind,Parmar XMM-Newton MM,17.56,Y,17.56_20190403_1200,55447.18555555556,58576.52371527777,53979.0,53944.0,1215.0,delivered,1.0,31636.0,FF-ME (1),1.0,31643.0,FF-ME (1),1.0,30035.0,FF-ME (1),1.0,31876.0,SES (1),1.0,31875.0,SES (1),5.0,5913.0,IM-M2 (1); IM-V (1); IM-U (1); IM-W2 (1); IM-W1 (1),Y,,archived,9999.0,120.09311861
101,12147,False,False,False,False,-0.0003320542877050824,-0.0013832668773829937,0.2400507762705175,0.00043190781097299214,0.0002164308964355516,0.0008687777236960097,0.0008715687152469604,0412380301,41238.0,Tycho SNR,6.341655,64.14,120.09311861,1.41204734,54686.13181712963,54686.670474537044,46540.0,44932.0,39305.0,Dr,Arvind,Parmar XMM-Newton MM,17.56,Y,17.56_20190403_1200,55392.145590277774,58576.516851851855,54705.0,54686.0,1587.0,delivered,1.0,41110.0,FF-ME (1),1.0,41123.0,FF-ME (1),1.0,39905.0,FF-ME (1),1.0,44362.0,SES (1),1.0,44359.0,SES (1),8.0,21701.0,IM-M2 (1); IM-V (1); IM-B (1); IM-U (1); IM-W2 (2); IM-W1 (1); IM-GRISM2 (1),Y,,archived,9999.0,120.09311861
102,12149,False,False,False,False,-0.00023921021220503263,-0.0011230111122131348,0.21300787641683927,0.0003420413995779461,0.00025322699919789457,0.0008125052494597312,0.00034561007075451,0511180101,51118.0,Tycho SNR,6.341655,64.14,120.09311861,1.41204734,54464.814479166664,54465.15148148149,29117.0,27257.0,27257.0,Dr,Arvind,Parmar XMM-Newton MM,17.56,Y,17.56_20190403_1200,55403.9683912037,58576.52670138889,54496.0,54464.0,1476.0,delivered,1.0,28826.0,FF-ME (1),1.0,28830.0,FF-ME (1),1.0,27259.0,FF-ME (1),1.0,29117.0,SES (1),1.0,29104.0,SES (1),6.0,11259.0,IM-M2 (1); IM-V (1); IM-B (1); IM-U (1); IM-W1 (1); IM-GRISM2 (1),Y,,archived,9999.0,120.09311861
